{"mean": {"bpm": 122.58088235294117, "danceability_%": 67.4093137254902, "valence_%": 51.17279411764706, "energy_%": 64.35661764705883, "acousticness_%": 26.333333333333332, "instrumentalness_%": 1.678921568627451, "liveness_%": 18.170343137254903, "speechiness_%": 10.535539215686274}, "scale": {"bpm": 28.17136508914964, "danceability_%": 14.67980510634933, "valence_%": 23.606263605420338, "energy_%": 16.10676786051844, "acousticness_%": 25.46198948426325, "instrumentalness_%": 8.767131510101645, "liveness_%": 13.541933887435302, "speechiness_%": 10.216586461481777}}